pdate,gdate,holiday
1393-1-1,3/21/2014,TRUE
1393-1-2,3/22/2014,TRUE
1393-1-3,3/23/2014,TRUE
1393-1-4,3/24/2014,TRUE
1393-1-5,3/25/2014,FALSE
1393-1-6,3/26/2014,FALSE
1393-1-7,3/27/2014,FALSE
1393-1-8,3/28/2014,TRUE
1393-1-9,3/29/2014,FALSE
1393-1-10,3/30/2014,FALSE
1393-1-11,3/31/2014,FALSE
1393-1-12,4/1/2014,TRUE
1393-1-13,4/2/2014,TRUE
1393-1-14,4/3/2014,FALSE
1393-1-15,4/4/2014,TRUE
1393-1-16,4/5/2014,FALSE
1393-1-17,4/6/2014,FALSE
1393-1-18,4/7/2014,FALSE
1393-1-19,4/8/2014,FALSE
1393-1-20,4/9/2014,FALSE
1393-1-21,4/10/2014,FALSE
1393-1-22,4/11/2014,TRUE
1393-1-23,4/12/2014,FALSE
1393-1-24,4/13/2014,FALSE
1393-1-25,4/14/2014,FALSE
1393-1-26,4/15/2014,FALSE
1393-1-27,4/16/2014,FALSE
1393-1-28,4/17/2014,FALSE
1393-1-29,4/18/2014,TRUE
1393-1-30,4/19/2014,FALSE
1393-1-31,4/20/2014,FALSE
1393-2-1,4/21/2014,FALSE
1393-2-2,4/22/2014,FALSE
1393-2-3,4/23/2014,FALSE
1393-2-4,4/24/2014,FALSE
1393-2-5,4/25/2014,TRUE
1393-2-6,4/26/2014,FALSE
1393-2-7,4/27/2014,FALSE
1393-2-8,4/28/2014,FALSE
1393-2-9,4/29/2014,FALSE
1393-2-10,4/30/2014,FALSE
1393-2-11,5/1/2014,FALSE
1393-2-12,5/2/2014,TRUE
1393-2-13,5/3/2014,FALSE
1393-2-14,5/4/2014,FALSE
1393-2-15,5/5/2014,FALSE
1393-2-16,5/6/2014,FALSE
1393-2-17,5/7/2014,FALSE
1393-2-18,5/8/2014,FALSE
1393-2-19,5/9/2014,TRUE
1393-2-20,5/10/2014,FALSE
1393-2-21,5/11/2014,FALSE
1393-2-22,5/12/2014,TRUE
1393-2-23,5/13/2014,FALSE
1393-2-24,5/14/2014,FALSE
1393-2-25,5/15/2014,FALSE
1393-2-26,5/16/2014,TRUE
1393-2-27,5/17/2014,FALSE
1393-2-28,5/18/2014,FALSE
1393-2-29,5/19/2014,FALSE
1393-2-30,5/20/2014,FALSE
1393-2-31,5/21/2014,FALSE
1393-3-1,5/22/2014,FALSE
1393-3-2,5/23/2014,TRUE
1393-3-3,5/24/2014,FALSE
1393-3-4,5/25/2014,FALSE
1393-3-5,5/26/2014,TRUE
1393-3-6,5/27/2014,FALSE
1393-3-7,5/28/2014,FALSE
1393-3-8,5/29/2014,FALSE
1393-3-9,5/30/2014,TRUE
1393-3-10,5/31/2014,FALSE
1393-3-11,6/1/2014,FALSE
1393-3-12,6/2/2014,FALSE
1393-3-13,6/3/2014,FALSE
1393-3-14,6/4/2014,TRUE
1393-3-15,6/5/2014,TRUE
1393-3-16,6/6/2014,TRUE
1393-3-17,6/7/2014,FALSE
1393-3-18,6/8/2014,FALSE
1393-3-19,6/9/2014,FALSE
1393-3-20,6/10/2014,FALSE
1393-3-21,6/11/2014,FALSE
1393-3-22,6/12/2014,FALSE
1393-3-23,6/13/2014,TRUE
1393-3-24,6/14/2014,FALSE
1393-3-25,6/15/2014,FALSE
1393-3-26,6/16/2014,FALSE
1393-3-27,6/17/2014,FALSE
1393-3-28,6/18/2014,FALSE
1393-3-29,6/19/2014,FALSE
1393-3-30,6/20/2014,TRUE
1393-3-31,6/21/2014,FALSE
1393-4-1,6/22/2014,FALSE
1393-4-2,6/23/2014,FALSE
1393-4-3,6/24/2014,FALSE
1393-4-4,6/25/2014,FALSE
1393-4-5,6/26/2014,FALSE
1393-4-6,6/27/2014,TRUE
1393-4-7,6/28/2014,FALSE
1393-4-8,6/29/2014,FALSE
1393-4-9,6/30/2014,FALSE
1393-4-10,7/1/2014,FALSE
1393-4-11,7/2/2014,FALSE
1393-4-12,7/3/2014,FALSE
1393-4-13,7/4/2014,TRUE
1393-4-14,7/5/2014,FALSE
1393-4-15,7/6/2014,FALSE
1393-4-16,7/7/2014,FALSE
1393-4-17,7/8/2014,FALSE
1393-4-18,7/9/2014,FALSE
1393-4-19,7/10/2014,FALSE
1393-4-20,7/11/2014,TRUE
1393-4-21,7/12/2014,FALSE
1393-4-22,7/13/2014,FALSE
1393-4-23,7/14/2014,FALSE
1393-4-24,7/15/2014,FALSE
1393-4-25,7/16/2014,FALSE
1393-4-26,7/17/2014,FALSE
1393-4-27,7/18/2014,TRUE
1393-4-28,7/19/2014,TRUE
1393-4-29,7/20/2014,FALSE
1393-4-30,7/21/2014,FALSE
1393-4-31,7/22/2014,FALSE
1393-5-1,7/23/2014,FALSE
1393-5-2,7/24/2014,FALSE
1393-5-3,7/25/2014,TRUE
1393-5-4,7/26/2014,FALSE
1393-5-5,7/27/2014,FALSE
1393-5-6,7/28/2014,FALSE
1393-5-7,7/29/2014,TRUE
1393-5-8,7/30/2014,TRUE
1393-5-9,7/31/2014,FALSE
1393-5-10,8/1/2014,TRUE
1393-5-11,8/2/2014,FALSE
1393-5-12,8/3/2014,FALSE
1393-5-13,8/4/2014,FALSE
1393-5-14,8/5/2014,FALSE
1393-5-15,8/6/2014,FALSE
1393-5-16,8/7/2014,FALSE
1393-5-17,8/8/2014,TRUE
1393-5-18,8/9/2014,FALSE
1393-5-19,8/10/2014,FALSE
1393-5-20,8/11/2014,FALSE
1393-5-21,8/12/2014,FALSE
1393-5-22,8/13/2014,FALSE
1393-5-23,8/14/2014,FALSE
1393-5-24,8/15/2014,TRUE
1393-5-25,8/16/2014,FALSE
1393-5-26,8/17/2014,FALSE
1393-5-27,8/18/2014,FALSE
1393-5-28,8/19/2014,FALSE
1393-5-29,8/20/2014,FALSE
1393-5-30,8/21/2014,FALSE
1393-5-31,8/22/2014,TRUE
1393-6-1,8/23/2014,FALSE
1393-6-2,8/24/2014,FALSE
1393-6-3,8/25/2014,FALSE
1393-6-4,8/26/2014,FALSE
1393-6-5,8/27/2014,FALSE
1393-6-6,8/28/2014,FALSE
1393-6-7,8/29/2014,TRUE
1393-6-8,8/30/2014,FALSE
1393-6-9,8/31/2014,FALSE
1393-6-10,9/1/2014,FALSE
1393-6-11,9/2/2014,FALSE
1393-6-12,9/3/2014,FALSE
1393-6-13,9/4/2014,FALSE
1393-6-14,9/5/2014,TRUE
1393-6-15,9/6/2014,FALSE
1393-6-16,9/7/2014,FALSE
1393-6-17,9/8/2014,FALSE
1393-6-18,9/9/2014,FALSE
1393-6-19,9/10/2014,FALSE
1393-6-20,9/11/2014,FALSE
1393-6-21,9/12/2014,TRUE
1393-6-22,9/13/2014,FALSE
1393-6-23,9/14/2014,FALSE
1393-6-24,9/15/2014,FALSE
1393-6-25,9/16/2014,FALSE
1393-6-26,9/17/2014,FALSE
1393-6-27,9/18/2014,FALSE
1393-6-28,9/19/2014,TRUE
1393-6-29,9/20/2014,FALSE
1393-6-30,9/21/2014,FALSE
1393-6-31,9/22/2014,FALSE
1393-7-1,9/23/2014,FALSE
1393-7-2,9/24/2014,FALSE
1393-7-3,9/25/2014,FALSE
1393-7-4,9/26/2014,TRUE
1393-7-5,9/27/2014,FALSE
1393-7-6,9/28/2014,FALSE
1393-7-7,9/29/2014,FALSE
1393-7-8,9/30/2014,FALSE
1393-7-9,10/1/2014,FALSE
1393-7-10,10/2/2014,FALSE
1393-7-11,10/3/2014,TRUE
1393-7-12,10/4/2014,TRUE
1393-7-13,10/5/2014,FALSE
1393-7-14,10/6/2014,FALSE
1393-7-15,10/7/2014,FALSE
1393-7-16,10/8/2014,FALSE
1393-7-17,10/9/2014,FALSE
1393-7-18,10/10/2014,TRUE
1393-7-19,10/11/2014,FALSE
1393-7-20,10/12/2014,TRUE
1393-7-21,10/13/2014,FALSE
1393-7-22,10/14/2014,FALSE
1393-7-23,10/15/2014,FALSE
1393-7-24,10/16/2014,FALSE
1393-7-25,10/17/2014,TRUE
1393-7-26,10/18/2014,FALSE
1393-7-27,10/19/2014,FALSE
1393-7-28,10/20/2014,FALSE
1393-7-29,10/21/2014,FALSE
1393-7-30,10/22/2014,FALSE
1393-8-1,10/23/2014,FALSE
1393-8-2,10/24/2014,TRUE
1393-8-3,10/25/2014,FALSE
1393-8-4,10/26/2014,FALSE
1393-8-5,10/27/2014,FALSE
1393-8-6,10/28/2014,FALSE
1393-8-7,10/29/2014,FALSE
1393-8-8,10/30/2014,FALSE
1393-8-9,10/31/2014,TRUE
1393-8-10,11/1/2014,FALSE
1393-8-11,11/2/2014,FALSE
1393-8-12,11/3/2014,TRUE
1393-8-13,11/4/2014,TRUE
1393-8-14,11/5/2014,FALSE
1393-8-15,11/6/2014,FALSE
1393-8-16,11/7/2014,TRUE
1393-8-17,11/8/2014,FALSE
1393-8-18,11/9/2014,FALSE
1393-8-19,11/10/2014,FALSE
1393-8-20,11/11/2014,FALSE
1393-8-21,11/12/2014,FALSE
1393-8-22,11/13/2014,FALSE
1393-8-23,11/14/2014,TRUE
1393-8-24,11/15/2014,FALSE
1393-8-25,11/16/2014,FALSE
1393-8-26,11/17/2014,FALSE
1393-8-27,11/18/2014,FALSE
1393-8-28,11/19/2014,FALSE
1393-8-29,11/20/2014,FALSE
1393-8-30,11/21/2014,TRUE
1393-9-1,11/22/2014,FALSE
1393-9-2,11/23/2014,FALSE
1393-9-3,11/24/2014,FALSE
1393-9-4,11/25/2014,FALSE
1393-9-5,11/26/2014,FALSE
1393-9-6,11/27/2014,FALSE
1393-9-7,11/28/2014,TRUE
1393-9-8,11/29/2014,FALSE
1393-9-9,11/30/2014,FALSE
1393-9-10,12/1/2014,FALSE
1393-9-11,12/2/2014,FALSE
1393-9-12,12/3/2014,FALSE
1393-9-13,12/4/2014,FALSE
1393-9-14,12/5/2014,TRUE
1393-9-15,12/6/2014,FALSE
1393-9-16,12/7/2014,FALSE
1393-9-17,12/8/2014,FALSE
1393-9-18,12/9/2014,FALSE
1393-9-19,12/10/2014,FALSE
1393-9-20,12/11/2014,FALSE
1393-9-21,12/12/2014,TRUE
1393-9-22,12/13/2014,FALSE
1393-9-23,12/14/2014,FALSE
1393-9-24,12/15/2014,FALSE
1393-9-25,12/16/2014,FALSE
1393-9-26,12/17/2014,FALSE
1393-9-27,12/18/2014,FALSE
1393-9-28,12/19/2014,TRUE
1393-9-29,12/20/2014,TRUE
1393-9-30,12/21/2014,FALSE
1393-10-1,12/22/2014,TRUE
1393-10-2,12/23/2014,FALSE
1393-10-3,12/24/2014,FALSE
1393-10-4,12/25/2014,FALSE
1393-10-5,12/26/2014,TRUE
1393-10-6,12/27/2014,FALSE
1393-10-7,12/28/2014,FALSE
1393-10-8,12/29/2014,FALSE
1393-10-9,12/30/2014,FALSE
1393-10-10,12/31/2014,TRUE
1393-10-11,1/1/2015,FALSE
1393-10-12,1/2/2015,TRUE
1393-10-13,1/3/2015,FALSE
1393-10-14,1/4/2015,FALSE
1393-10-15,1/5/2015,FALSE
1393-10-16,1/6/2015,FALSE
1393-10-17,1/7/2015,FALSE
1393-10-18,1/8/2015,FALSE
1393-10-19,1/9/2015,TRUE
1393-10-20,1/10/2015,FALSE
1393-10-21,1/11/2015,FALSE
1393-10-22,1/12/2015,FALSE
1393-10-23,1/13/2015,FALSE
1393-10-24,1/14/2015,FALSE
1393-10-25,1/15/2015,FALSE
1393-10-26,1/16/2015,TRUE
1393-10-27,1/17/2015,FALSE
1393-10-28,1/18/2015,FALSE
1393-10-29,1/19/2015,FALSE
1393-10-30,1/20/2015,FALSE
1393-11-1,1/21/2015,FALSE
1393-11-2,1/22/2015,FALSE
1393-11-3,1/23/2015,TRUE
1393-11-4,1/24/2015,FALSE
1393-11-5,1/25/2015,FALSE
1393-11-6,1/26/2015,FALSE
1393-11-7,1/27/2015,FALSE
1393-11-8,1/28/2015,FALSE
1393-11-9,1/29/2015,FALSE
1393-11-10,1/30/2015,TRUE
1393-11-11,1/31/2015,FALSE
1393-11-12,2/1/2015,FALSE
1393-11-13,2/2/2015,FALSE
1393-11-14,2/3/2015,FALSE
1393-11-15,2/4/2015,FALSE
1393-11-16,2/5/2015,FALSE
1393-11-17,2/6/2015,TRUE
1393-11-18,2/7/2015,FALSE
1393-11-19,2/8/2015,FALSE
1393-11-20,2/9/2015,FALSE
1393-11-21,2/10/2015,FALSE
1393-11-22,2/11/2015,TRUE
1393-11-23,2/12/2015,FALSE
1393-11-24,2/13/2015,TRUE
1393-11-25,2/14/2015,FALSE
1393-11-26,2/15/2015,FALSE
1393-11-27,2/16/2015,FALSE
1393-11-28,2/17/2015,FALSE
1393-11-29,2/18/2015,FALSE
1393-11-30,2/19/2015,FALSE
1393-12-1,2/20/2015,TRUE
1393-12-2,2/21/2015,FALSE
1393-12-3,2/22/2015,FALSE
1393-12-4,2/23/2015,FALSE
1393-12-5,2/24/2015,FALSE
1393-12-6,2/25/2015,FALSE
1393-12-7,2/26/2015,FALSE
1393-12-8,2/27/2015,TRUE
1393-12-9,2/28/2015,FALSE
1393-12-10,3/1/2015,FALSE
1393-12-11,3/2/2015,FALSE
1393-12-12,3/3/2015,FALSE
1393-12-13,3/4/2015,FALSE
1393-12-14,3/5/2015,FALSE
1393-12-15,3/6/2015,TRUE
1393-12-16,3/7/2015,FALSE
1393-12-17,3/8/2015,FALSE
1393-12-18,3/9/2015,FALSE
1393-12-19,3/10/2015,FALSE
1393-12-20,3/11/2015,FALSE
1393-12-21,3/12/2015,FALSE
1393-12-22,3/13/2015,TRUE
1393-12-23,3/14/2015,FALSE
1393-12-24,3/15/2015,FALSE
1393-12-25,3/16/2015,FALSE
1393-12-26,3/17/2015,FALSE
1393-12-27,3/18/2015,FALSE
1393-12-28,3/19/2015,FALSE
1393-12-29,3/20/2015,TRUE
1394-1-1,3/21/2015,TRUE
1394-1-2,3/22/2015,TRUE
1394-1-3,3/23/2015,TRUE
1394-1-4,3/24/2015,TRUE
1394-1-5,3/25/2015,FALSE
1394-1-6,3/26/2015,FALSE
1394-1-7,3/27/2015,TRUE
1394-1-8,3/28/2015,FALSE
1394-1-9,3/29/2015,FALSE
1394-1-10,3/30/2015,FALSE
1394-1-11,3/31/2015,FALSE
1394-1-12,4/1/2015,TRUE
1394-1-13,4/2/2015,TRUE
1394-1-14,4/3/2015,TRUE
1394-1-15,4/4/2015,FALSE
1394-1-16,4/5/2015,FALSE
1394-1-17,4/6/2015,FALSE
1394-1-18,4/7/2015,FALSE
1394-1-19,4/8/2015,FALSE
1394-1-20,4/9/2015,FALSE
1394-1-21,4/10/2015,TRUE
1394-1-22,4/11/2015,FALSE
1394-1-23,4/12/2015,FALSE
1394-1-24,4/13/2015,FALSE
1394-1-25,4/14/2015,FALSE
1394-1-26,4/15/2015,FALSE
1394-1-27,4/16/2015,FALSE
1394-1-28,4/17/2015,TRUE
1394-1-29,4/18/2015,FALSE
1394-1-30,4/19/2015,FALSE
1394-1-31,4/20/2015,FALSE
1394-2-1,4/21/2015,FALSE
1394-2-2,4/22/2015,FALSE
1394-2-3,4/23/2015,FALSE
1394-2-4,4/24/2015,TRUE
1394-2-5,4/25/2015,FALSE
1394-2-6,4/26/2015,FALSE
1394-2-7,4/27/2015,FALSE
1394-2-8,4/28/2015,FALSE
1394-2-9,4/29/2015,FALSE
1394-2-10,4/30/2015,FALSE
1394-2-11,5/1/2015,TRUE
1394-2-12,5/2/2015,TRUE
1394-2-13,5/3/2015,FALSE
1394-2-14,5/4/2015,FALSE
1394-2-15,5/5/2015,FALSE
1394-2-16,5/6/2015,FALSE
1394-2-17,5/7/2015,FALSE
1394-2-18,5/8/2015,TRUE
1394-2-19,5/9/2015,FALSE
1394-2-20,5/10/2015,FALSE
1394-2-21,5/11/2015,FALSE
1394-2-22,5/12/2015,FALSE
1394-2-23,5/13/2015,FALSE
1394-2-24,5/14/2015,FALSE
1394-2-25,5/15/2015,TRUE
1394-2-26,5/16/2015,TRUE
1394-2-27,5/17/2015,FALSE
1394-2-28,5/18/2015,FALSE
1394-2-29,5/19/2015,FALSE
1394-2-30,5/20/2015,FALSE
1394-2-31,5/21/2015,FALSE
1394-3-1,5/22/2015,TRUE
1394-3-2,5/23/2015,FALSE
1394-3-3,5/24/2015,FALSE
1394-3-4,5/25/2015,FALSE
1394-3-5,5/26/2015,FALSE
1394-3-6,5/27/2015,FALSE
1394-3-7,5/28/2015,FALSE
1394-3-8,5/29/2015,TRUE
1394-3-9,5/30/2015,FALSE
1394-3-10,5/31/2015,FALSE
1394-3-11,6/1/2015,FALSE
1394-3-12,6/2/2015,FALSE
1394-3-13,6/3/2015,FALSE
1394-3-14,6/4/2015,TRUE
1394-3-15,6/5/2015,TRUE
1394-3-16,6/6/2015,FALSE
1394-3-17,6/7/2015,FALSE
1394-3-18,6/8/2015,FALSE
1394-3-19,6/9/2015,FALSE
1394-3-20,6/10/2015,FALSE
1394-3-21,6/11/2015,FALSE
1394-3-22,6/12/2015,TRUE
1394-3-23,6/13/2015,FALSE
1394-3-24,6/14/2015,FALSE
1394-3-25,6/15/2015,FALSE
1394-3-26,6/16/2015,FALSE
1394-3-27,6/17/2015,FALSE
1394-3-28,6/18/2015,FALSE
1394-3-29,6/19/2015,TRUE
1394-3-30,6/20/2015,FALSE
1394-3-31,6/21/2015,FALSE
1394-4-1,6/22/2015,FALSE
1394-4-2,6/23/2015,FALSE
1394-4-3,6/24/2015,FALSE
1394-4-4,6/25/2015,FALSE
1394-4-5,6/26/2015,TRUE
1394-4-6,6/27/2015,FALSE
1394-4-7,6/28/2015,FALSE
1394-4-8,6/29/2015,FALSE
1394-4-9,6/30/2015,FALSE
1394-4-10,7/1/2015,FALSE
1394-4-11,7/2/2015,FALSE
1394-4-12,7/3/2015,TRUE
1394-4-13,7/4/2015,FALSE
1394-4-14,7/5/2015,FALSE
1394-4-15,7/6/2015,FALSE
1394-4-16,7/7/2015,FALSE
1394-4-17,7/8/2015,TRUE
1394-4-18,7/9/2015,TRUE
1394-4-19,7/10/2015,TRUE
1394-4-20,7/11/2015,FALSE
1394-4-21,7/12/2015,FALSE
1394-4-22,7/13/2015,FALSE
1394-4-23,7/14/2015,FALSE
1394-4-24,7/15/2015,FALSE
1394-4-25,7/16/2015,FALSE
1394-4-26,7/17/2015,TRUE
1394-4-27,7/18/2015,TRUE
1394-4-28,7/19/2015,TRUE
1394-4-29,7/20/2015,FALSE
1394-4-30,7/21/2015,FALSE
1394-4-31,7/22/2015,FALSE
1394-5-1,7/23/2015,FALSE
1394-5-2,7/24/2015,TRUE
1394-5-3,7/25/2015,FALSE
1394-5-4,7/26/2015,FALSE
1394-5-5,7/27/2015,FALSE
1394-5-6,7/28/2015,FALSE
1394-5-7,7/29/2015,FALSE
1394-5-8,7/30/2015,FALSE
1394-5-9,7/31/2015,TRUE
1394-5-10,8/1/2015,FALSE
1394-5-11,8/2/2015,FALSE
1394-5-12,8/3/2015,FALSE
1394-5-13,8/4/2015,FALSE
1394-5-14,8/5/2015,FALSE
1394-5-15,8/6/2015,FALSE
1394-5-16,8/7/2015,TRUE
1394-5-17,8/8/2015,FALSE
1394-5-18,8/9/2015,FALSE
1394-5-19,8/10/2015,FALSE
1394-5-20,8/11/2015,TRUE
1394-5-21,8/12/2015,FALSE
1394-5-22,8/13/2015,FALSE
1394-5-23,8/14/2015,TRUE
1394-5-24,8/15/2015,FALSE
1394-5-25,8/16/2015,FALSE
1394-5-26,8/17/2015,FALSE
1394-5-27,8/18/2015,FALSE
1394-5-28,8/19/2015,FALSE
1394-5-29,8/20/2015,FALSE
1394-5-30,8/21/2015,TRUE
1394-5-31,8/22/2015,FALSE
1394-6-1,8/23/2015,FALSE
1394-6-2,8/24/2015,FALSE
1394-6-3,8/25/2015,FALSE
1394-6-4,8/26/2015,FALSE
1394-6-5,8/27/2015,FALSE
1394-6-6,8/28/2015,TRUE
1394-6-7,8/29/2015,FALSE
1394-6-8,8/30/2015,FALSE
1394-6-9,8/31/2015,FALSE
1394-6-10,9/1/2015,FALSE
1394-6-11,9/2/2015,FALSE
1394-6-12,9/3/2015,FALSE
1394-6-13,9/4/2015,TRUE
1394-6-14,9/5/2015,FALSE
1394-6-15,9/6/2015,FALSE
1394-6-16,9/7/2015,FALSE
1394-6-17,9/8/2015,FALSE
1394-6-18,9/9/2015,FALSE
1394-6-19,9/10/2015,FALSE
1394-6-20,9/11/2015,TRUE
1394-6-21,9/12/2015,FALSE
1394-6-22,9/13/2015,FALSE
1394-6-23,9/14/2015,FALSE
1394-6-24,9/15/2015,FALSE
1394-6-25,9/16/2015,FALSE
1394-6-26,9/17/2015,FALSE
1394-6-27,9/18/2015,TRUE
1394-6-28,9/19/2015,FALSE
1394-6-29,9/20/2015,FALSE
1394-6-30,9/21/2015,FALSE
1394-6-31,9/22/2015,FALSE
1394-7-1,9/23/2015,TRUE
1394-7-2,9/24/2015,FALSE
1394-7-3,9/25/2015,TRUE
1394-7-4,9/26/2015,FALSE
1394-7-5,9/27/2015,FALSE
1394-7-6,9/28/2015,FALSE
1394-7-7,9/29/2015,FALSE
1394-7-8,9/30/2015,FALSE
1394-7-9,10/1/2015,TRUE
1394-7-10,10/2/2015,TRUE
1394-7-11,10/3/2015,FALSE
1394-7-12,10/4/2015,FALSE
1394-7-13,10/5/2015,FALSE
1394-7-14,10/6/2015,FALSE
1394-7-15,10/7/2015,FALSE
1394-7-16,10/8/2015,FALSE
1394-7-17,10/9/2015,TRUE
1394-7-18,10/10/2015,FALSE
1394-7-19,10/11/2015,FALSE
1394-7-20,10/12/2015,FALSE
1394-7-21,10/13/2015,FALSE
1394-7-22,10/14/2015,FALSE
1394-7-23,10/15/2015,FALSE
1394-7-24,10/16/2015,TRUE
1394-7-25,10/17/2015,FALSE
1394-7-26,10/18/2015,FALSE
1394-7-27,10/19/2015,FALSE
1394-7-28,10/20/2015,FALSE
1394-7-29,10/21/2015,FALSE
1394-7-30,10/22/2015,FALSE
1394-8-1,10/23/2015,TRUE
1394-8-2,10/24/2015,TRUE
1394-8-3,10/25/2015,FALSE
1394-8-4,10/26/2015,FALSE
1394-8-5,10/27/2015,FALSE
1394-8-6,10/28/2015,FALSE
1394-8-7,10/29/2015,FALSE
1394-8-8,10/30/2015,TRUE
1394-8-9,10/31/2015,FALSE
1394-8-10,11/1/2015,FALSE
1394-8-11,11/2/2015,FALSE
1394-8-12,11/3/2015,FALSE
1394-8-13,11/4/2015,FALSE
1394-8-14,11/5/2015,FALSE
1394-8-15,11/6/2015,TRUE
1394-8-16,11/7/2015,FALSE
1394-8-17,11/8/2015,FALSE
1394-8-18,11/9/2015,FALSE
1394-8-19,11/10/2015,FALSE
1394-8-20,11/11/2015,FALSE
1394-8-21,11/12/2015,FALSE
1394-8-22,11/13/2015,TRUE
1394-8-23,11/14/2015,FALSE
1394-8-24,11/15/2015,FALSE
1394-8-25,11/16/2015,FALSE
1394-8-26,11/17/2015,FALSE
1394-8-27,11/18/2015,FALSE
1394-8-28,11/19/2015,FALSE
1394-8-29,11/20/2015,TRUE
1394-8-30,11/21/2015,FALSE
1394-9-1,11/22/2015,FALSE
1394-9-2,11/23/2015,FALSE
1394-9-3,11/24/2015,FALSE
1394-9-4,11/25/2015,FALSE
1394-9-5,11/26/2015,FALSE
1394-9-6,11/27/2015,TRUE
1394-9-7,11/28/2015,FALSE
1394-9-8,11/29/2015,FALSE
1394-9-9,11/30/2015,FALSE
1394-9-10,12/1/2015,FALSE
1394-9-11,12/2/2015,TRUE
1394-9-12,12/3/2015,FALSE
1394-9-13,12/4/2015,TRUE
1394-9-14,12/5/2015,FALSE
1394-9-15,12/6/2015,FALSE
1394-9-16,12/7/2015,FALSE
1394-9-17,12/8/2015,FALSE
1394-9-18,12/9/2015,FALSE
1394-9-19,12/10/2015,TRUE
1394-9-20,12/11/2015,TRUE
1394-9-21,12/12/2015,FALSE
1394-9-22,12/13/2015,FALSE
1394-9-23,12/14/2015,FALSE
1394-9-24,12/15/2015,FALSE
1394-9-25,12/16/2015,FALSE
1394-9-26,12/17/2015,FALSE
1394-9-27,12/18/2015,TRUE
1394-9-28,12/19/2015,FALSE
1394-9-29,12/20/2015,TRUE
1394-9-30,12/21/2015,FALSE
1394-10-1,12/22/2015,FALSE
1394-10-2,12/23/2015,FALSE
1394-10-3,12/24/2015,FALSE
1394-10-4,12/25/2015,TRUE
1394-10-5,12/26/2015,FALSE
1394-10-6,12/27/2015,FALSE
1394-10-7,12/28/2015,FALSE
1394-10-8,12/29/2015,TRUE
1394-10-9,12/30/2015,FALSE
1394-10-10,12/31/2015,FALSE
1394-10-11,1/1/2016,TRUE
1394-10-12,1/2/2016,FALSE
1394-10-13,1/3/2016,FALSE
1394-10-14,1/4/2016,FALSE
1394-10-15,1/5/2016,FALSE
1394-10-16,1/6/2016,FALSE
1394-10-17,1/7/2016,FALSE
1394-10-18,1/8/2016,TRUE
1394-10-19,1/9/2016,FALSE
1394-10-20,1/10/2016,FALSE
1394-10-21,1/11/2016,FALSE
1394-10-22,1/12/2016,FALSE
1394-10-23,1/13/2016,FALSE
1394-10-24,1/14/2016,FALSE
1394-10-25,1/15/2016,TRUE
1394-10-26,1/16/2016,FALSE
1394-10-27,1/17/2016,FALSE
1394-10-28,1/18/2016,FALSE
1394-10-29,1/19/2016,FALSE
1394-10-30,1/20/2016,FALSE
1394-11-1,1/21/2016,FALSE
1394-11-2,1/22/2016,TRUE
1394-11-3,1/23/2016,FALSE
1394-11-4,1/24/2016,FALSE
1394-11-5,1/25/2016,FALSE
1394-11-6,1/26/2016,FALSE
1394-11-7,1/27/2016,FALSE
1394-11-8,1/28/2016,FALSE
1394-11-9,1/29/2016,TRUE
1394-11-10,1/30/2016,FALSE
1394-11-11,1/31/2016,FALSE
1394-11-12,2/1/2016,FALSE
1394-11-13,2/2/2016,FALSE
1394-11-14,2/3/2016,FALSE
1394-11-15,2/4/2016,FALSE
1394-11-16,2/5/2016,TRUE
1394-11-17,2/6/2016,FALSE
1394-11-18,2/7/2016,FALSE
1394-11-19,2/8/2016,FALSE
1394-11-20,2/9/2016,FALSE
1394-11-21,2/10/2016,FALSE
1394-11-22,2/11/2016,TRUE
1394-11-23,2/12/2016,TRUE
1394-11-24,2/13/2016,FALSE
1394-11-25,2/14/2016,FALSE
1394-11-26,2/15/2016,FALSE
1394-11-27,2/16/2016,FALSE
1394-11-28,2/17/2016,FALSE
1394-11-29,2/18/2016,FALSE
1394-11-30,2/19/2016,TRUE
1394-12-1,2/20/2016,FALSE
1394-12-2,2/21/2016,FALSE
1394-12-3,2/22/2016,FALSE
1394-12-4,2/23/2016,FALSE
1394-12-5,2/24/2016,FALSE
1394-12-6,2/25/2016,FALSE
1394-12-7,2/26/2016,TRUE
1394-12-8,2/27/2016,FALSE
1394-12-9,2/28/2016,FALSE
1394-12-10,2/29/2016,FALSE
1394-12-11,3/1/2016,FALSE
1394-12-12,3/2/2016,FALSE
1394-12-13,3/3/2016,FALSE
1394-12-14,3/4/2016,TRUE
1394-12-15,3/5/2016,FALSE
1394-12-16,3/6/2016,FALSE
1394-12-17,3/7/2016,FALSE
1394-12-18,3/8/2016,FALSE
1394-12-19,3/9/2016,FALSE
1394-12-20,3/10/2016,FALSE
1394-12-21,3/11/2016,TRUE
1394-12-22,3/12/2016,FALSE
1394-12-23,3/13/2016,TRUE
1394-12-24,3/14/2016,FALSE
1394-12-25,3/15/2016,FALSE
1394-12-26,3/16/2016,FALSE
1394-12-27,3/17/2016,FALSE
1394-12-28,3/18/2016,TRUE
1394-12-29,3/19/2016,TRUE
1395-1-1,3/20/2016,TRUE
1395-1-2,3/21/2016,TRUE
1395-1-3,3/22/2016,TRUE
1395-1-4,3/23/2016,TRUE
1395-1-5,3/24/2016,FALSE
1395-1-6,3/25/2016,TRUE
1395-1-7,3/26/2016,FALSE
1395-1-8,3/27/2016,FALSE
1395-1-9,3/28/2016,FALSE
1395-1-10,3/29/2016,FALSE
1395-1-11,3/30/2016,FALSE
1395-1-12,3/31/2016,TRUE
1395-1-13,4/1/2016,TRUE
1395-1-14,4/2/2016,FALSE
1395-1-15,4/3/2016,FALSE
1395-1-16,4/4/2016,FALSE
1395-1-17,4/5/2016,FALSE
1395-1-18,4/6/2016,FALSE
1395-1-19,4/7/2016,FALSE
1395-1-20,4/8/2016,TRUE
1395-1-21,4/9/2016,FALSE
1395-1-22,4/10/2016,FALSE
1395-1-23,4/11/2016,FALSE
1395-1-24,4/12/2016,FALSE
1395-1-25,4/13/2016,FALSE
1395-1-26,4/14/2016,FALSE
1395-1-27,4/15/2016,TRUE
1395-1-28,4/16/2016,FALSE
1395-1-29,4/17/2016,FALSE
1395-1-30,4/18/2016,FALSE
1395-1-31,4/19/2016,FALSE
1395-2-1,4/20/2016,TRUE
1395-2-2,4/21/2016,FALSE
1395-2-3,4/22/2016,TRUE
1395-2-4,4/23/2016,FALSE
1395-2-5,4/24/2016,FALSE
1395-2-6,4/25/2016,FALSE
1395-2-7,4/26/2016,FALSE
1395-2-8,4/27/2016,FALSE
1395-2-9,4/28/2016,FALSE
1395-2-10,4/29/2016,TRUE
1395-2-11,4/30/2016,FALSE
1395-2-12,5/1/2016,FALSE
1395-2-13,5/2/2016,FALSE
1395-2-14,5/3/2016,FALSE
1395-2-15,5/4/2016,TRUE
1395-2-16,5/5/2016,FALSE
1395-2-17,5/6/2016,TRUE
1395-2-18,5/7/2016,FALSE
1395-2-19,5/8/2016,FALSE
1395-2-20,5/9/2016,FALSE
1395-2-21,5/10/2016,FALSE
1395-2-22,5/11/2016,FALSE
1395-2-23,5/12/2016,FALSE
1395-2-24,5/13/2016,TRUE
1395-2-25,5/14/2016,FALSE
1395-2-26,5/15/2016,FALSE
1395-2-27,5/16/2016,FALSE
1395-2-28,5/17/2016,FALSE
1395-2-29,5/18/2016,FALSE
1395-2-30,5/19/2016,FALSE
1395-2-31,5/20/2016,TRUE
1395-3-1,5/21/2016,FALSE
1395-3-2,5/22/2016,FALSE
1395-3-3,5/23/2016,FALSE
1395-3-4,5/24/2016,FALSE
1395-3-5,5/25/2016,FALSE
1395-3-6,5/26/2016,FALSE
1395-3-7,5/27/2016,TRUE
1395-3-8,5/28/2016,FALSE
1395-3-9,5/29/2016,FALSE
1395-3-10,5/30/2016,FALSE
1395-3-11,5/31/2016,FALSE
1395-3-12,6/1/2016,FALSE
1395-3-13,6/2/2016,FALSE
1395-3-14,6/3/2016,TRUE
1395-3-15,6/4/2016,TRUE
1395-3-16,6/5/2016,FALSE
1395-3-17,6/6/2016,FALSE
1395-3-18,6/7/2016,FALSE
1395-3-19,6/8/2016,FALSE
1395-3-20,6/9/2016,FALSE
1395-3-21,6/10/2016,TRUE
1395-3-22,6/11/2016,FALSE
1395-3-23,6/12/2016,FALSE
1395-3-24,6/13/2016,FALSE
1395-3-25,6/14/2016,FALSE
1395-3-26,6/15/2016,FALSE
1395-3-27,6/16/2016,FALSE
1395-3-28,6/17/2016,TRUE
1395-3-29,6/18/2016,FALSE
1395-3-30,6/19/2016,FALSE
1395-3-31,6/20/2016,FALSE
1395-4-1,6/21/2016,FALSE
1395-4-2,6/22/2016,FALSE
1395-4-3,6/23/2016,FALSE
1395-4-4,6/24/2016,TRUE
1395-4-5,6/25/2016,FALSE
1395-4-6,6/26/2016,TRUE
1395-4-7,6/27/2016,TRUE
1395-4-8,6/28/2016,FALSE
1395-4-9,6/29/2016,FALSE
1395-4-10,6/30/2016,FALSE
1395-4-11,7/1/2016,TRUE
1395-4-12,7/2/2016,FALSE
1395-4-13,7/3/2016,FALSE
1395-4-14,7/4/2016,FALSE
1395-4-15,7/5/2016,FALSE
1395-4-16,7/6/2016,FALSE
1395-4-17,7/7/2016,TRUE
1395-4-18,7/8/2016,TRUE
1395-4-19,7/9/2016,FALSE
1395-4-20,7/10/2016,FALSE
1395-4-21,7/11/2016,FALSE
1395-4-22,7/12/2016,FALSE
1395-4-23,7/13/2016,FALSE
1395-4-24,7/14/2016,FALSE
1395-4-25,7/15/2016,TRUE
1395-4-26,7/16/2016,FALSE
1395-4-27,7/17/2016,FALSE
1395-4-28,7/18/2016,FALSE
1395-4-29,7/19/2016,FALSE
1395-4-30,7/20/2016,FALSE
1395-4-31,7/21/2016,FALSE
1395-5-1,7/22/2016,TRUE
1395-5-2,7/23/2016,FALSE
1395-5-3,7/24/2016,FALSE
1395-5-4,7/25/2016,FALSE
1395-5-5,7/26/2016,FALSE
1395-5-6,7/27/2016,FALSE
1395-5-7,7/28/2016,FALSE
1395-5-8,7/29/2016,TRUE
1395-5-9,7/30/2016,FALSE
1395-5-10,7/31/2016,TRUE
1395-5-11,8/1/2016,FALSE
1395-5-12,8/2/2016,FALSE
1395-5-13,8/3/2016,FALSE
1395-5-14,8/4/2016,FALSE
1395-5-15,8/5/2016,TRUE
1395-5-16,8/6/2016,FALSE
1395-5-17,8/7/2016,FALSE
1395-5-18,8/8/2016,FALSE
1395-5-19,8/9/2016,FALSE
1395-5-20,8/10/2016,FALSE
1395-5-21,8/11/2016,FALSE
1395-5-22,8/12/2016,TRUE
1395-5-23,8/13/2016,FALSE
1395-5-24,8/14/2016,FALSE
1395-5-25,8/15/2016,FALSE
1395-5-26,8/16/2016,FALSE
1395-5-27,8/17/2016,FALSE
1395-5-28,8/18/2016,FALSE
1395-5-29,8/19/2016,TRUE
1395-5-30,8/20/2016,FALSE
1395-5-31,8/21/2016,FALSE
1395-6-1,8/22/2016,FALSE
1395-6-2,8/23/2016,FALSE
1395-6-3,8/24/2016,FALSE
1395-6-4,8/25/2016,FALSE
1395-6-5,8/26/2016,TRUE
1395-6-6,8/27/2016,FALSE
1395-6-7,8/28/2016,FALSE
1395-6-8,8/29/2016,FALSE
1395-6-9,8/30/2016,FALSE
1395-6-10,8/31/2016,FALSE
1395-6-11,9/1/2016,FALSE
1395-6-12,9/2/2016,TRUE
1395-6-13,9/3/2016,FALSE
1395-6-14,9/4/2016,FALSE
1395-6-15,9/5/2016,FALSE
1395-6-16,9/6/2016,FALSE
1395-6-17,9/7/2016,FALSE
1395-6-18,9/8/2016,FALSE
1395-6-19,9/9/2016,TRUE
1395-6-20,9/10/2016,FALSE
1395-6-21,9/11/2016,TRUE
1395-6-22,9/12/2016,FALSE
1395-6-23,9/13/2016,FALSE
1395-6-24,9/14/2016,FALSE
1395-6-25,9/15/2016,FALSE
1395-6-26,9/16/2016,TRUE
1395-6-27,9/17/2016,FALSE
1395-6-28,9/18/2016,FALSE
1395-6-29,9/19/2016,TRUE
1395-6-30,9/20/2016,FALSE
1395-6-31,9/21/2016,FALSE
1395-7-1,9/22/2016,FALSE
1395-7-2,9/23/2016,TRUE
1395-7-3,9/24/2016,FALSE
1395-7-4,9/25/2016,FALSE
1395-7-5,9/26/2016,FALSE
1395-7-6,9/27/2016,FALSE
1395-7-7,9/28/2016,FALSE
1395-7-8,9/29/2016,FALSE
1395-7-9,9/30/2016,TRUE
1395-7-10,10/1/2016,FALSE
1395-7-11,10/2/2016,FALSE
1395-7-12,10/3/2016,FALSE
1395-7-13,10/4/2016,FALSE
1395-7-14,10/5/2016,FALSE
1395-7-15,10/6/2016,FALSE
1395-7-16,10/7/2016,TRUE
1395-7-17,10/8/2016,FALSE
1395-7-18,10/9/2016,FALSE
1395-7-19,10/10/2016,FALSE
1395-7-20,10/11/2016,TRUE
1395-7-21,10/12/2016,TRUE
1395-7-22,10/13/2016,FALSE
1395-7-23,10/14/2016,TRUE
1395-7-24,10/15/2016,FALSE
1395-7-25,10/16/2016,FALSE
1395-7-26,10/17/2016,FALSE
1395-7-27,10/18/2016,FALSE
1395-7-28,10/19/2016,FALSE
1395-7-29,10/20/2016,FALSE
1395-7-30,10/21/2016,TRUE
1395-8-1,10/22/2016,FALSE
1395-8-2,10/23/2016,FALSE
1395-8-3,10/24/2016,FALSE
1395-8-4,10/25/2016,FALSE
1395-8-5,10/26/2016,FALSE
1395-8-6,10/27/2016,FALSE
1395-8-7,10/28/2016,TRUE
1395-8-8,10/29/2016,FALSE
1395-8-9,10/30/2016,FALSE
1395-8-10,10/31/2016,FALSE
1395-8-11,11/1/2016,FALSE
1395-8-12,11/2/2016,FALSE
1395-8-13,11/3/2016,FALSE
1395-8-14,11/4/2016,TRUE
1395-8-15,11/5/2016,FALSE
1395-8-16,11/6/2016,FALSE
1395-8-17,11/7/2016,FALSE
1395-8-18,11/8/2016,FALSE
1395-8-19,11/9/2016,FALSE
1395-8-20,11/10/2016,FALSE
1395-8-21,11/11/2016,TRUE
1395-8-22,11/12/2016,FALSE
1395-8-23,11/13/2016,FALSE
1395-8-24,11/14/2016,FALSE
1395-8-25,11/15/2016,FALSE
1395-8-26,11/16/2016,FALSE
1395-8-27,11/17/2016,FALSE
1395-8-28,11/18/2016,TRUE
1395-8-29,11/19/2016,FALSE
1395-8-30,11/20/2016,TRUE
1395-9-1,11/21/2016,FALSE
1395-9-2,11/22/2016,FALSE
1395-9-3,11/23/2016,FALSE
1395-9-4,11/24/2016,FALSE
1395-9-5,11/25/2016,TRUE
1395-9-6,11/26/2016,FALSE
1395-9-7,11/27/2016,FALSE
1395-9-8,11/28/2016,TRUE
1395-9-9,11/29/2016,FALSE
1395-9-10,11/30/2016,FALSE
1395-9-11,12/1/2016,FALSE
1395-9-12,12/2/2016,TRUE
1395-9-13,12/3/2016,FALSE
1395-9-14,12/4/2016,FALSE
1395-9-15,12/5/2016,FALSE
1395-9-16,12/6/2016,FALSE
1395-9-17,12/7/2016,FALSE
1395-9-18,12/8/2016,TRUE
1395-9-19,12/9/2016,TRUE
1395-9-20,12/10/2016,FALSE
1395-9-21,12/11/2016,FALSE
1395-9-22,12/12/2016,FALSE
1395-9-23,12/13/2016,FALSE
1395-9-24,12/14/2016,FALSE
1395-9-25,12/15/2016,FALSE
1395-9-26,12/16/2016,TRUE
1395-9-27,12/17/2016,TRUE
1395-9-28,12/18/2016,FALSE
1395-9-29,12/19/2016,FALSE
1395-9-30,12/20/2016,FALSE
1395-10-1,12/21/2016,FALSE
1395-10-2,12/22/2016,FALSE
1395-10-3,12/23/2016,TRUE
1395-10-4,12/24/2016,FALSE
1395-10-5,12/25/2016,FALSE
1395-10-6,12/26/2016,FALSE
1395-10-7,12/27/2016,FALSE
1395-10-8,12/28/2016,FALSE
1395-10-9,12/29/2016,FALSE
1395-10-10,12/30/2016,TRUE
1395-10-11,12/31/2016,FALSE
1395-10-12,1/1/2017,FALSE
1395-10-13,1/2/2017,FALSE
1395-10-14,1/3/2017,FALSE
1395-10-15,1/4/2017,FALSE
1395-10-16,1/5/2017,FALSE
1395-10-17,1/6/2017,TRUE
1395-10-18,1/7/2017,FALSE
1395-10-19,1/8/2017,FALSE
1395-10-20,1/9/2017,FALSE
1395-10-21,1/10/2017,FALSE
1395-10-22,1/11/2017,FALSE
1395-10-23,1/12/2017,FALSE
1395-10-24,1/13/2017,TRUE
1395-10-25,1/14/2017,FALSE
1395-10-26,1/15/2017,FALSE
1395-10-27,1/16/2017,FALSE
1395-10-28,1/17/2017,FALSE
1395-10-29,1/18/2017,FALSE
1395-10-30,1/19/2017,FALSE
1395-11-1,1/20/2017,TRUE
1395-11-2,1/21/2017,FALSE
1395-11-3,1/22/2017,FALSE
1395-11-4,1/23/2017,FALSE
1395-11-5,1/24/2017,FALSE
1395-11-6,1/25/2017,FALSE
1395-11-7,1/26/2017,FALSE
1395-11-8,1/27/2017,TRUE
1395-11-9,1/28/2017,FALSE
1395-11-10,1/29/2017,FALSE
1395-11-11,1/30/2017,FALSE
1395-11-12,1/31/2017,FALSE
1395-11-13,2/1/2017,FALSE
1395-11-14,2/2/2017,FALSE
1395-11-15,2/3/2017,TRUE
1395-11-16,2/4/2017,FALSE
1395-11-17,2/5/2017,FALSE
1395-11-18,2/6/2017,FALSE
1395-11-19,2/7/2017,FALSE
1395-11-20,2/8/2017,FALSE
1395-11-21,2/9/2017,FALSE
1395-11-22,2/10/2017,TRUE
1395-11-23,2/11/2017,FALSE
1395-11-24,2/12/2017,FALSE
1395-11-25,2/13/2017,FALSE
1395-11-26,2/14/2017,FALSE
1395-11-27,2/15/2017,FALSE
1395-11-28,2/16/2017,FALSE
1395-11-29,2/17/2017,TRUE
1395-11-30,2/18/2017,FALSE
1395-12-1,2/19/2017,FALSE
1395-12-2,2/20/2017,FALSE
1395-12-3,2/21/2017,FALSE
1395-12-4,2/22/2017,FALSE
1395-12-5,2/23/2017,FALSE
1395-12-6,2/24/2017,TRUE
1395-12-7,2/25/2017,FALSE
1395-12-8,2/26/2017,FALSE
1395-12-9,2/27/2017,FALSE
1395-12-10,2/28/2017,FALSE
1395-12-11,3/1/2017,FALSE
1395-12-12,3/2/2017,FALSE
1395-12-13,3/3/2017,TRUE
1395-12-14,3/4/2017,FALSE
1395-12-15,3/5/2017,FALSE
1395-12-16,3/6/2017,FALSE
1395-12-17,3/7/2017,FALSE
1395-12-18,3/8/2017,FALSE
1395-12-19,3/9/2017,FALSE
1395-12-20,3/10/2017,TRUE
1395-12-21,3/11/2017,FALSE
1395-12-22,3/12/2017,FALSE
1395-12-23,3/13/2017,FALSE
1395-12-24,3/14/2017,FALSE
1395-12-25,3/15/2017,FALSE
1395-12-26,3/16/2017,FALSE
1395-12-27,3/17/2017,TRUE
1395-12-28,3/18/2017,FALSE
1395-12-29,3/19/2017,TRUE
1395-12-30,3/20/2017,FALSE
1396-1-1,3/21/2017,TRUE
1396-1-2,3/22/2017,TRUE
1396-1-3,3/23/2017,TRUE
1396-1-4,3/24/2017,TRUE
1396-1-5,3/25/2017,FALSE
1396-1-6,3/26/2017,FALSE
1396-1-7,3/27/2017,FALSE
1396-1-8,3/28/2017,FALSE
1396-1-9,3/29/2017,FALSE
1396-1-10,3/30/2017,FALSE
1396-1-11,3/31/2017,TRUE
1396-1-12,4/1/2017,TRUE
1396-1-13,4/2/2017,TRUE
1396-1-14,4/3/2017,FALSE
1396-1-15,4/4/2017,FALSE
1396-1-16,4/5/2017,FALSE
1396-1-17,4/6/2017,FALSE
1396-1-18,4/7/2017,TRUE
1396-1-19,4/8/2017,FALSE
1396-1-20,4/9/2017,FALSE
1396-1-21,4/10/2017,TRUE
1396-1-22,4/11/2017,FALSE
1396-1-23,4/12/2017,FALSE
1396-1-24,4/13/2017,FALSE
1396-1-25,4/14/2017,TRUE
1396-1-26,4/15/2017,FALSE
1396-1-27,4/16/2017,FALSE
1396-1-28,4/17/2017,FALSE
1396-1-29,4/18/2017,FALSE
1396-1-30,4/19/2017,FALSE
1396-1-31,4/20/2017,FALSE
1396-2-1,4/21/2017,TRUE
1396-2-2,4/22/2017,FALSE
1396-2-3,4/23/2017,FALSE
1396-2-4,4/24/2017,TRUE
1396-2-5,4/25/2017,FALSE
1396-2-6,4/26/2017,FALSE
1396-2-7,4/27/2017,FALSE
1396-2-8,4/28/2017,TRUE
1396-2-9,4/29/2017,FALSE
1396-2-10,4/30/2017,FALSE
1396-2-11,5/1/2017,FALSE
1396-2-12,5/2/2017,FALSE
1396-2-13,5/3/2017,FALSE
1396-2-14,5/4/2017,FALSE
1396-2-15,5/5/2017,TRUE
1396-2-16,5/6/2017,FALSE
1396-2-17,5/7/2017,FALSE
1396-2-18,5/8/2017,FALSE
1396-2-19,5/9/2017,FALSE
1396-2-20,5/10/2017,FALSE
1396-2-21,5/11/2017,FALSE
1396-2-22,5/12/2017,TRUE
1396-2-23,5/13/2017,FALSE
1396-2-24,5/14/2017,FALSE
1396-2-25,5/15/2017,FALSE
1396-2-26,5/16/2017,FALSE
1396-2-27,5/17/2017,FALSE
1396-2-28,5/18/2017,FALSE
1396-2-29,5/19/2017,TRUE
1396-2-30,5/20/2017,FALSE
1396-2-31,5/21/2017,FALSE
1396-3-1,5/22/2017,FALSE
1396-3-2,5/23/2017,FALSE
1396-3-3,5/24/2017,FALSE
1396-3-4,5/25/2017,FALSE
1396-3-5,5/26/2017,TRUE
1396-3-6,5/27/2017,FALSE
1396-3-7,5/28/2017,FALSE
1396-3-8,5/29/2017,FALSE
1396-3-9,5/30/2017,FALSE
1396-3-10,5/31/2017,FALSE
1396-3-11,6/1/2017,FALSE
1396-3-12,6/2/2017,TRUE
1396-3-13,6/3/2017,FALSE
1396-3-14,6/4/2017,TRUE
1396-3-15,6/5/2017,TRUE
1396-3-16,6/6/2017,FALSE
1396-3-17,6/7/2017,FALSE
1396-3-18,6/8/2017,FALSE
1396-3-19,6/9/2017,TRUE
1396-3-20,6/10/2017,FALSE
1396-3-21,6/11/2017,FALSE
1396-3-22,6/12/2017,FALSE
1396-3-23,6/13/2017,FALSE
1396-3-24,6/14/2017,FALSE
1396-3-25,6/15/2017,FALSE
1396-3-26,6/16/2017,TRUE
1396-3-27,6/17/2017,TRUE
1396-3-28,6/18/2017,FALSE
1396-3-29,6/19/2017,FALSE
1396-3-30,6/20/2017,FALSE
1396-3-31,6/21/2017,FALSE
1396-4-1,6/22/2017,FALSE
1396-4-2,6/23/2017,TRUE
1396-4-3,6/24/2017,FALSE
1396-4-4,6/25/2017,FALSE
1396-4-5,6/26/2017,TRUE
1396-4-6,6/27/2017,TRUE
1396-4-7,6/28/2017,FALSE
1396-4-8,6/29/2017,FALSE
1396-4-9,6/30/2017,TRUE
1396-4-10,7/1/2017,FALSE
1396-4-11,7/2/2017,FALSE
1396-4-12,7/3/2017,FALSE
1396-4-13,7/4/2017,FALSE
1396-4-14,7/5/2017,FALSE
1396-4-15,7/6/2017,FALSE
1396-4-16,7/7/2017,TRUE
1396-4-17,7/8/2017,FALSE
1396-4-18,7/9/2017,FALSE
1396-4-19,7/10/2017,FALSE
1396-4-20,7/11/2017,FALSE
1396-4-21,7/12/2017,FALSE
1396-4-22,7/13/2017,FALSE
1396-4-23,7/14/2017,TRUE
1396-4-24,7/15/2017,FALSE
1396-4-25,7/16/2017,FALSE
1396-4-26,7/17/2017,FALSE
1396-4-27,7/18/2017,FALSE
1396-4-28,7/19/2017,FALSE
1396-4-29,7/20/2017,TRUE
1396-4-30,7/21/2017,TRUE
1396-4-31,7/22/2017,FALSE
1396-5-1,7/23/2017,FALSE
1396-5-2,7/24/2017,FALSE
1396-5-3,7/25/2017,FALSE
1396-5-4,7/26/2017,FALSE
1396-5-5,7/27/2017,FALSE
1396-5-6,7/28/2017,TRUE
1396-5-7,7/29/2017,FALSE
1396-5-8,7/30/2017,FALSE
1396-5-9,7/31/2017,FALSE
1396-5-10,8/1/2017,FALSE
1396-5-11,8/2/2017,FALSE
1396-5-12,8/3/2017,FALSE
1396-5-13,8/4/2017,TRUE
1396-5-14,8/5/2017,FALSE
1396-5-15,8/6/2017,FALSE
1396-5-16,8/7/2017,FALSE
1396-5-17,8/8/2017,FALSE
1396-5-18,8/9/2017,FALSE
1396-5-19,8/10/2017,FALSE
1396-5-20,8/11/2017,TRUE
1396-5-21,8/12/2017,FALSE
1396-5-22,8/13/2017,FALSE
1396-5-23,8/14/2017,FALSE
1396-5-24,8/15/2017,FALSE
1396-5-25,8/16/2017,FALSE
1396-5-26,8/17/2017,FALSE
1396-5-27,8/18/2017,TRUE
1396-5-28,8/19/2017,FALSE
1396-5-29,8/20/2017,FALSE
1396-5-30,8/21/2017,FALSE
1396-5-31,8/22/2017,FALSE
1396-6-1,8/23/2017,FALSE
1396-6-2,8/24/2017,FALSE
1396-6-3,8/25/2017,TRUE
1396-6-4,8/26/2017,FALSE
1396-6-5,8/27/2017,FALSE
1396-6-6,8/28/2017,FALSE
1396-6-7,8/29/2017,FALSE
1396-6-8,8/30/2017,FALSE
1396-6-9,8/31/2017,FALSE
1396-6-10,9/1/2017,TRUE
1396-6-11,9/2/2017,FALSE
1396-6-12,9/3/2017,FALSE
1396-6-13,9/4/2017,FALSE
1396-6-14,9/5/2017,FALSE
1396-6-15,9/6/2017,FALSE
1396-6-16,9/7/2017,FALSE
1396-6-17,9/8/2017,TRUE
1396-6-18,9/9/2017,TRUE
1396-6-19,9/10/2017,FALSE
1396-6-20,9/11/2017,FALSE
1396-6-21,9/12/2017,FALSE
1396-6-22,9/13/2017,FALSE
1396-6-23,9/14/2017,FALSE
1396-6-24,9/15/2017,TRUE
1396-6-25,9/16/2017,FALSE
1396-6-26,9/17/2017,FALSE
1396-6-27,9/18/2017,FALSE
1396-6-28,9/19/2017,FALSE
1396-6-29,9/20/2017,FALSE
1396-6-30,9/21/2017,FALSE
1396-6-31,9/22/2017,TRUE
1396-7-1,9/23/2017,FALSE
1396-7-2,9/24/2017,FALSE
1396-7-3,9/25/2017,FALSE
1396-7-4,9/26/2017,FALSE
1396-7-5,9/27/2017,FALSE
1396-7-6,9/28/2017,FALSE
1396-7-7,9/29/2017,TRUE
1396-7-8,9/30/2017,TRUE
1396-7-9,10/1/2017,TRUE
1396-7-10,10/2/2017,FALSE
1396-7-11,10/3/2017,FALSE
1396-7-12,10/4/2017,FALSE
1396-7-13,10/5/2017,FALSE
1396-7-14,10/6/2017,TRUE
1396-7-15,10/7/2017,FALSE
1396-7-16,10/8/2017,FALSE
1396-7-17,10/9/2017,FALSE
1396-7-18,10/10/2017,FALSE
1396-7-19,10/11/2017,FALSE
1396-7-20,10/12/2017,FALSE
1396-7-21,10/13/2017,TRUE
1396-7-22,10/14/2017,FALSE
1396-7-23,10/15/2017,FALSE
1396-7-24,10/16/2017,FALSE
1396-7-25,10/17/2017,FALSE
1396-7-26,10/18/2017,FALSE
1396-7-27,10/19/2017,FALSE
1396-7-28,10/20/2017,TRUE
1396-7-29,10/21/2017,FALSE
1396-7-30,10/22/2017,FALSE
1396-8-1,10/23/2017,FALSE
1396-8-2,10/24/2017,FALSE
1396-8-3,10/25/2017,FALSE
1396-8-4,10/26/2017,FALSE
1396-8-5,10/27/2017,TRUE
1396-8-6,10/28/2017,FALSE
1396-8-7,10/29/2017,FALSE
1396-8-8,10/30/2017,FALSE
1396-8-9,10/31/2017,FALSE
1396-8-10,11/1/2017,FALSE
1396-8-11,11/2/2017,FALSE
1396-8-12,11/3/2017,TRUE
1396-8-13,11/4/2017,FALSE
1396-8-14,11/5/2017,FALSE
1396-8-15,11/6/2017,FALSE
1396-8-16,11/7/2017,FALSE
1396-8-17,11/8/2017,FALSE
1396-8-18,11/9/2017,TRUE
1396-8-19,11/10/2017,TRUE
1396-8-20,11/11/2017,FALSE
1396-8-21,11/12/2017,FALSE
1396-8-22,11/13/2017,FALSE
1396-8-23,11/14/2017,FALSE
1396-8-24,11/15/2017,FALSE
1396-8-25,11/16/2017,FALSE
1396-8-26,11/17/2017,TRUE
1396-8-27,11/18/2017,FALSE
1396-8-28,11/19/2017,FALSE
1396-8-29,11/20/2017,FALSE
1396-8-30,11/21/2017,FALSE
1396-9-1,11/22/2017,FALSE
1396-9-2,11/23/2017,FALSE
1396-9-3,11/24/2017,TRUE
1396-9-4,11/25/2017,FALSE
1396-9-5,11/26/2017,FALSE
1396-9-6,11/27/2017,TRUE
1396-9-7,11/28/2017,FALSE
1396-9-8,11/29/2017,FALSE
1396-9-9,11/30/2017,FALSE
1396-9-10,12/1/2017,TRUE
1396-9-11,12/2/2017,FALSE
1396-9-12,12/3/2017,FALSE
1396-9-13,12/4/2017,FALSE
1396-9-14,12/5/2017,FALSE
1396-9-15,12/6/2017,TRUE
1396-9-16,12/7/2017,FALSE
1396-9-17,12/8/2017,TRUE
1396-9-18,12/9/2017,FALSE
1396-9-19,12/10/2017,FALSE
1396-9-20,12/11/2017,FALSE
1396-9-21,12/12/2017,FALSE
1396-9-22,12/13/2017,FALSE
1396-9-23,12/14/2017,FALSE
1396-9-24,12/15/2017,TRUE
1396-9-25,12/16/2017,FALSE
1396-9-26,12/17/2017,FALSE
1396-9-27,12/18/2017,FALSE
1396-9-28,12/19/2017,FALSE
1396-9-29,12/20/2017,FALSE
1396-9-30,12/21/2017,FALSE
1396-10-1,12/22/2017,TRUE
1396-10-2,12/23/2017,FALSE
1396-10-3,12/24/2017,FALSE
1396-10-4,12/25/2017,FALSE
1396-10-5,12/26/2017,FALSE
1396-10-6,12/27/2017,FALSE
1396-10-7,12/28/2017,FALSE
1396-10-8,12/29/2017,TRUE
1396-10-9,12/30/2017,FALSE
1396-10-10,12/31/2017,FALSE
1396-10-11,1/1/2018,FALSE
1396-10-12,1/2/2018,FALSE
1396-10-13,1/3/2018,FALSE
1396-10-14,1/4/2018,FALSE
1396-10-15,1/5/2018,TRUE
1396-10-16,1/6/2018,FALSE
1396-10-17,1/7/2018,FALSE
1396-10-18,1/8/2018,FALSE
1396-10-19,1/9/2018,FALSE
1396-10-20,1/10/2018,FALSE
1396-10-21,1/11/2018,FALSE
1396-10-22,1/12/2018,TRUE
1396-10-23,1/13/2018,FALSE
1396-10-24,1/14/2018,FALSE
1396-10-25,1/15/2018,FALSE
1396-10-26,1/16/2018,FALSE
1396-10-27,1/17/2018,FALSE
1396-10-28,1/18/2018,FALSE
1396-10-29,1/19/2018,TRUE
1396-10-30,1/20/2018,FALSE
1396-11-1,1/21/2018,FALSE
1396-11-2,1/22/2018,FALSE
1396-11-3,1/23/2018,FALSE
1396-11-4,1/24/2018,FALSE
1396-11-5,1/25/2018,FALSE
1396-11-6,1/26/2018,TRUE
1396-11-7,1/27/2018,FALSE
1396-11-8,1/28/2018,FALSE
1396-11-9,1/29/2018,FALSE
1396-11-10,1/30/2018,FALSE
1396-11-11,1/31/2018,FALSE
1396-11-12,2/1/2018,FALSE
1396-11-13,2/2/2018,TRUE
1396-11-14,2/3/2018,FALSE
1396-11-15,2/4/2018,FALSE
1396-11-16,2/5/2018,FALSE
1396-11-17,2/6/2018,FALSE
1396-11-18,2/7/2018,FALSE
1396-11-19,2/8/2018,FALSE
1396-11-20,2/9/2018,TRUE
1396-11-21,2/10/2018,FALSE
1396-11-22,2/11/2018,TRUE
1396-11-23,2/12/2018,FALSE
1396-11-24,2/13/2018,FALSE
1396-11-25,2/14/2018,FALSE
1396-11-26,2/15/2018,FALSE
1396-11-27,2/16/2018,TRUE
1396-11-28,2/17/2018,FALSE
1396-11-29,2/18/2018,FALSE
1396-11-30,2/19/2018,FALSE
1396-12-1,2/20/2018,TRUE
1396-12-2,2/21/2018,FALSE
1396-12-3,2/22/2018,FALSE
1396-12-4,2/23/2018,TRUE
1396-12-5,2/24/2018,FALSE
1396-12-6,2/25/2018,FALSE
1396-12-7,2/26/2018,FALSE
1396-12-8,2/27/2018,FALSE
1396-12-9,2/28/2018,FALSE
1396-12-10,3/1/2018,FALSE
1396-12-11,3/2/2018,TRUE
1396-12-12,3/3/2018,FALSE
1396-12-13,3/4/2018,FALSE
1396-12-14,3/5/2018,FALSE
1396-12-15,3/6/2018,FALSE
1396-12-16,3/7/2018,FALSE
1396-12-17,3/8/2018,FALSE
1396-12-18,3/9/2018,TRUE
1396-12-19,3/10/2018,FALSE
1396-12-20,3/11/2018,FALSE
1396-12-21,3/12/2018,FALSE
1396-12-22,3/13/2018,FALSE
1396-12-23,3/14/2018,FALSE
1396-12-24,3/15/2018,FALSE
1396-12-25,3/16/2018,TRUE
1396-12-26,3/17/2018,FALSE
1396-12-27,3/18/2018,FALSE
1396-12-28,3/19/2018,FALSE
1396-12-29,3/20/2018,TRUE
1397-1-1,3/21/2018,TRUE
1397-1-2,3/22/2018,TRUE
1397-1-3,3/23/2018,TRUE
1397-1-4,3/24/2018,TRUE
1397-1-5,3/25/2018,FALSE
1397-1-6,3/26/2018,FALSE
1397-1-7,3/27/2018,FALSE
1397-1-8,3/28/2018,FALSE
1397-1-9,3/29/2018,FALSE
1397-1-10,3/30/2018,TRUE
1397-1-11,3/31/2018,FALSE
1397-1-12,4/1/2018,TRUE
1397-1-13,4/2/2018,TRUE
1397-1-14,4/3/2018,FALSE
1397-1-15,4/4/2018,FALSE
1397-1-16,4/5/2018,FALSE
1397-1-17,4/6/2018,TRUE
1397-1-18,4/7/2018,FALSE
1397-1-19,4/8/2018,FALSE
1397-1-20,4/9/2018,FALSE
1397-1-21,4/10/2018,FALSE
1397-1-22,4/11/2018,FALSE
1397-1-23,4/12/2018,FALSE
1397-1-24,4/13/2018,TRUE
1397-1-25,4/14/2018,FALSE
1397-1-26,4/15/2018,FALSE
1397-1-27,4/16/2018,FALSE
1397-1-28,4/17/2018,FALSE
1397-1-29,4/18/2018,FALSE
1397-1-30,4/19/2018,FALSE
1397-1-31,4/20/2018,TRUE
1397-2-1,4/21/2018,FALSE
1397-2-2,4/22/2018,FALSE
1397-2-3,4/23/2018,FALSE
1397-2-4,4/24/2018,FALSE
1397-2-5,4/25/2018,FALSE
1397-2-6,4/26/2018,FALSE
1397-2-7,4/27/2018,TRUE
1397-2-8,4/28/2018,FALSE
1397-2-9,4/29/2018,FALSE
1397-2-10,4/30/2018,FALSE
1397-2-11,5/1/2018,FALSE
1397-2-12,5/2/2018,FALSE
1397-2-13,5/3/2018,FALSE
1397-2-14,5/4/2018,TRUE
1397-2-15,5/5/2018,FALSE
1397-2-16,5/6/2018,FALSE
1397-2-17,5/7/2018,FALSE
1397-2-18,5/8/2018,FALSE
1397-2-19,5/9/2018,FALSE
1397-2-20,5/10/2018,FALSE
1397-2-21,5/11/2018,TRUE
1397-2-22,5/12/2018,FALSE
1397-2-23,5/13/2018,FALSE
1397-2-24,5/14/2018,FALSE
1397-2-25,5/15/2018,FALSE
1397-2-26,5/16/2018,FALSE
1397-2-27,5/17/2018,FALSE
1397-2-28,5/18/2018,TRUE
1397-2-29,5/19/2018,FALSE
1397-2-30,5/20/2018,FALSE
1397-2-31,5/21/2018,FALSE
1397-3-1,5/22/2018,FALSE
1397-3-2,5/23/2018,FALSE
1397-3-3,5/24/2018,FALSE
1397-3-4,5/25/2018,TRUE
1397-3-5,5/26/2018,FALSE
1397-3-6,5/27/2018,FALSE
1397-3-7,5/28/2018,FALSE
1397-3-8,5/29/2018,FALSE
1397-3-9,5/30/2018,FALSE
1397-3-10,5/31/2018,FALSE
1397-3-11,6/1/2018,TRUE
1397-3-12,6/2/2018,FALSE
1397-3-13,6/3/2018,FALSE
1397-3-14,6/4/2018,TRUE
1397-3-15,6/5/2018,TRUE
1397-3-16,6/6/2018,TRUE
1397-3-17,6/7/2018,FALSE
1397-3-18,6/8/2018,TRUE
1397-3-19,6/9/2018,FALSE
1397-3-20,6/10/2018,FALSE
1397-3-21,6/11/2018,FALSE
1397-3-22,6/12/2018,FALSE
1397-3-23,6/13/2018,FALSE
1397-3-24,6/14/2018,FALSE
1397-3-25,6/15/2018,TRUE
1397-3-26,6/16/2018,TRUE
1397-3-27,6/17/2018,TRUE
1397-3-28,6/18/2018,FALSE
1397-3-29,6/19/2018,FALSE
1397-3-30,6/20/2018,FALSE
1397-3-31,6/21/2018,FALSE
1397-4-1,6/22/2018,TRUE
1397-4-2,6/23/2018,FALSE
1397-4-3,6/24/2018,FALSE
1397-4-4,6/25/2018,FALSE
1397-4-5,6/26/2018,FALSE
1397-4-6,6/27/2018,FALSE
1397-4-7,6/28/2018,FALSE
1397-4-8,6/29/2018,TRUE
1397-4-9,6/30/2018,FALSE
1397-4-10,7/1/2018,FALSE
1397-4-11,7/2/2018,FALSE
1397-4-12,7/3/2018,FALSE
1397-4-13,7/4/2018,FALSE
1397-4-14,7/5/2018,FALSE
1397-4-15,7/6/2018,TRUE
1397-4-16,7/7/2018,FALSE
1397-4-17,7/8/2018,FALSE
1397-4-18,7/9/2018,FALSE
1397-4-19,7/10/2018,TRUE
1397-4-20,7/11/2018,FALSE
1397-4-21,7/12/2018,FALSE
1397-4-22,7/13/2018,TRUE
1397-4-23,7/14/2018,FALSE
1397-4-24,7/15/2018,FALSE
1397-4-25,7/16/2018,FALSE
1397-4-26,7/17/2018,FALSE
1397-4-27,7/18/2018,FALSE
1397-4-28,7/19/2018,FALSE
1397-4-29,7/20/2018,TRUE
1397-4-30,7/21/2018,FALSE
1397-4-31,7/22/2018,FALSE
1397-5-1,7/23/2018,FALSE
1397-5-2,7/24/2018,FALSE
1397-5-3,7/25/2018,FALSE
1397-5-4,7/26/2018,FALSE
1397-5-5,7/27/2018,TRUE
1397-5-6,7/28/2018,FALSE
1397-5-7,7/29/2018,FALSE
1397-5-8,7/30/2018,FALSE
1397-5-9,7/31/2018,FALSE
1397-5-10,8/1/2018,FALSE
1397-5-11,8/2/2018,FALSE
1397-5-12,8/3/2018,TRUE
1397-5-13,8/4/2018,FALSE
1397-5-14,8/5/2018,FALSE
1397-5-15,8/6/2018,FALSE
1397-5-16,8/7/2018,FALSE
1397-5-17,8/8/2018,FALSE
1397-5-18,8/9/2018,FALSE
1397-5-19,8/10/2018,TRUE
1397-5-20,8/11/2018,FALSE
1397-5-21,8/12/2018,FALSE
1397-5-22,8/13/2018,FALSE
1397-5-23,8/14/2018,FALSE
1397-5-24,8/15/2018,FALSE
1397-5-25,8/16/2018,FALSE
1397-5-26,8/17/2018,TRUE
1397-5-27,8/18/2018,FALSE
1397-5-28,8/19/2018,FALSE
1397-5-29,8/20/2018,FALSE
1397-5-30,8/21/2018,TRUE
1397-5-31,8/22/2018,FALSE
1397-6-1,8/23/2018,FALSE
1397-6-2,8/24/2018,TRUE
1397-6-3,8/25/2018,FALSE
1397-6-4,8/26/2018,FALSE
1397-6-5,8/27/2018,FALSE
1397-6-6,8/28/2018,FALSE
1397-6-7,8/29/2018,TRUE
1397-6-8,8/30/2018,FALSE
1397-6-9,8/31/2018,TRUE
1397-6-10,9/1/2018,FALSE
1397-6-11,9/2/2018,FALSE
1397-6-12,9/3/2018,FALSE
1397-6-13,9/4/2018,FALSE
1397-6-14,9/5/2018,FALSE
1397-6-15,9/6/2018,FALSE
1397-6-16,9/7/2018,TRUE
1397-6-17,9/8/2018,FALSE
1397-6-18,9/9/2018,FALSE
1397-6-19,9/10/2018,FALSE
1397-6-20,9/11/2018,FALSE
1397-6-21,9/12/2018,FALSE
1397-6-22,9/13/2018,FALSE
1397-6-23,9/14/2018,TRUE
1397-6-24,9/15/2018,FALSE
1397-6-25,9/16/2018,FALSE
1397-6-26,9/17/2018,FALSE
1397-6-27,9/18/2018,FALSE
1397-6-28,9/19/2018,FALSE
1397-6-29,9/20/2018,TRUE
1397-6-30,9/21/2018,TRUE
1397-6-31,9/22/2018,FALSE
1397-7-1,9/23/2018,FALSE
1397-7-2,9/24/2018,FALSE
1397-7-3,9/25/2018,FALSE
1397-7-4,9/26/2018,FALSE
1397-7-5,9/27/2018,FALSE
1397-7-6,9/28/2018,TRUE
1397-7-7,9/29/2018,FALSE
1397-7-8,9/30/2018,FALSE
1397-7-9,10/1/2018,FALSE
1397-7-10,10/2/2018,FALSE
1397-7-11,10/3/2018,FALSE
1397-7-12,10/4/2018,FALSE
1397-7-13,10/5/2018,TRUE
1397-7-14,10/6/2018,FALSE
1397-7-15,10/7/2018,FALSE
1397-7-16,10/8/2018,FALSE
1397-7-17,10/9/2018,FALSE
1397-7-18,10/10/2018,FALSE
1397-7-19,10/11/2018,FALSE
1397-7-20,10/12/2018,TRUE
1397-7-21,10/13/2018,FALSE
1397-7-22,10/14/2018,FALSE
1397-7-23,10/15/2018,FALSE
1397-7-24,10/16/2018,FALSE
1397-7-25,10/17/2018,FALSE
1397-7-26,10/18/2018,FALSE
1397-7-27,10/19/2018,TRUE
1397-7-28,10/20/2018,FALSE
1397-7-29,10/21/2018,FALSE
1397-7-30,10/22/2018,FALSE
1397-8-1,10/23/2018,FALSE
1397-8-2,10/24/2018,FALSE
1397-8-3,10/25/2018,FALSE
1397-8-4,10/26/2018,TRUE
1397-8-5,10/27/2018,FALSE
1397-8-6,10/28/2018,FALSE
1397-8-7,10/29/2018,TRUE
1397-8-8,10/30/2018,FALSE
1397-8-9,10/31/2018,FALSE
1397-8-10,11/1/2018,FALSE
1397-8-11,11/2/2018,TRUE
1397-8-12,11/3/2018,FALSE
1397-8-13,11/4/2018,FALSE
1397-8-14,11/5/2018,FALSE
1397-8-15,11/6/2018,TRUE
1397-8-16,11/7/2018,FALSE
1397-8-17,11/8/2018,TRUE
1397-8-18,11/9/2018,TRUE
1397-8-19,11/10/2018,FALSE
1397-8-20,11/11/2018,FALSE
1397-8-21,11/12/2018,FALSE
1397-8-22,11/13/2018,FALSE
1397-8-23,11/14/2018,FALSE
1397-8-24,11/15/2018,FALSE
1397-8-25,11/16/2018,TRUE
1397-8-26,11/17/2018,TRUE
1397-8-27,11/18/2018,FALSE
1397-8-28,11/19/2018,FALSE
1397-8-29,11/20/2018,FALSE
1397-8-30,11/21/2018,FALSE
1397-9-1,11/22/2018,FALSE
1397-9-2,11/23/2018,TRUE
1397-9-3,11/24/2018,FALSE
1397-9-4,11/25/2018,FALSE
1397-9-5,11/26/2018,TRUE
1397-9-6,11/27/2018,FALSE
1397-9-7,11/28/2018,FALSE
1397-9-8,11/29/2018,FALSE
1397-9-9,11/30/2018,TRUE
1397-9-10,12/1/2018,FALSE
1397-9-11,12/2/2018,FALSE
1397-9-12,12/3/2018,FALSE
1397-9-13,12/4/2018,FALSE
1397-9-14,12/5/2018,FALSE
1397-9-15,12/6/2018,FALSE
1397-9-16,12/7/2018,TRUE
1397-9-17,12/8/2018,FALSE
1397-9-18,12/9/2018,FALSE
1397-9-19,12/10/2018,FALSE
1397-9-20,12/11/2018,FALSE
1397-9-21,12/12/2018,FALSE
1397-9-22,12/13/2018,FALSE
1397-9-23,12/14/2018,TRUE
1397-9-24,12/15/2018,FALSE
1397-9-25,12/16/2018,FALSE
1397-9-26,12/17/2018,FALSE
1397-9-27,12/18/2018,FALSE
1397-9-28,12/19/2018,FALSE
1397-9-29,12/20/2018,FALSE
1397-9-30,12/21/2018,TRUE
1397-10-1,12/22/2018,FALSE
1397-10-2,12/23/2018,FALSE
1397-10-3,12/24/2018,FALSE
1397-10-4,12/25/2018,FALSE
1397-10-5,12/26/2018,FALSE
1397-10-6,12/27/2018,FALSE
1397-10-7,12/28/2018,TRUE
1397-10-8,12/29/2018,FALSE
1397-10-9,12/30/2018,FALSE
1397-10-10,12/31/2018,FALSE
1397-10-11,1/1/2019,FALSE
1397-10-12,1/2/2019,FALSE
1397-10-13,1/3/2019,FALSE
1397-10-14,1/4/2019,TRUE
1397-10-15,1/5/2019,FALSE
1397-10-16,1/6/2019,FALSE
1397-10-17,1/7/2019,FALSE
1397-10-18,1/8/2019,FALSE
1397-10-19,1/9/2019,FALSE
1397-10-20,1/10/2019,FALSE
1397-10-21,1/11/2019,TRUE
1397-10-22,1/12/2019,FALSE
1397-10-23,1/13/2019,FALSE
1397-10-24,1/14/2019,FALSE
1397-10-25,1/15/2019,FALSE
1397-10-26,1/16/2019,FALSE
1397-10-27,1/17/2019,FALSE
1397-10-28,1/18/2019,TRUE
1397-10-29,1/19/2019,FALSE
1397-10-30,1/20/2019,FALSE
1397-11-1,1/21/2019,FALSE
1397-11-2,1/22/2019,FALSE
1397-11-3,1/23/2019,FALSE
1397-11-4,1/24/2019,FALSE
1397-11-5,1/25/2019,TRUE
1397-11-6,1/26/2019,FALSE
1397-11-7,1/27/2019,FALSE
1397-11-8,1/28/2019,FALSE
1397-11-9,1/29/2019,FALSE
1397-11-10,1/30/2019,FALSE
1397-11-11,1/31/2019,FALSE
1397-11-12,2/1/2019,TRUE
1397-11-13,2/2/2019,FALSE
1397-11-14,2/3/2019,FALSE
1397-11-15,2/4/2019,FALSE
1397-11-16,2/5/2019,FALSE
1397-11-17,2/6/2019,FALSE
1397-11-18,2/7/2019,FALSE
1397-11-19,2/8/2019,TRUE
1397-11-20,2/9/2019,TRUE
1397-11-21,2/10/2019,FALSE
1397-11-22,2/11/2019,TRUE
1397-11-23,2/12/2019,FALSE
1397-11-24,2/13/2019,FALSE
1397-11-25,2/14/2019,FALSE
1397-11-26,2/15/2019,TRUE
1397-11-27,2/16/2019,FALSE
1397-11-28,2/17/2019,FALSE
1397-11-29,2/18/2019,FALSE
1397-11-30,2/19/2019,FALSE
1397-12-1,2/20/2019,FALSE
1397-12-2,2/21/2019,FALSE
1397-12-3,2/22/2019,TRUE
1397-12-4,2/23/2019,FALSE
1397-12-5,2/24/2019,FALSE
1397-12-6,2/25/2019,FALSE
1397-12-7,2/26/2019,FALSE
1397-12-8,2/27/2019,FALSE
1397-12-9,2/28/2019,FALSE
1397-12-10,3/1/2019,TRUE
1397-12-11,3/2/2019,FALSE
1397-12-12,3/3/2019,FALSE
1397-12-13,3/4/2019,FALSE
1397-12-14,3/5/2019,FALSE
1397-12-15,3/6/2019,FALSE
1397-12-16,3/7/2019,FALSE
1397-12-17,3/8/2019,TRUE
1397-12-18,3/9/2019,FALSE
1397-12-19,3/10/2019,FALSE
1397-12-20,3/11/2019,FALSE
1397-12-21,3/12/2019,FALSE
1397-12-22,3/13/2019,FALSE
1397-12-23,3/14/2019,FALSE
1397-12-24,3/15/2019,TRUE
1397-12-25,3/16/2019,FALSE
1397-12-26,3/17/2019,FALSE
1397-12-27,3/18/2019,FALSE
1397-12-28,3/19/2019,FALSE
1397-12-29,3/20/2019,TRUE
1398-1-1,3/21/2019,TRUE
1398-1-2,3/22/2019,TRUE
1398-1-3,3/23/2019,TRUE
1398-1-4,3/24/2019,TRUE
1398-1-5,3/25/2019,FALSE
1398-1-6,3/26/2019,FALSE
1398-1-7,3/27/2019,FALSE
1398-1-8,3/28/2019,FALSE
1398-1-9,3/29/2019,TRUE
1398-1-10,3/30/2019,FALSE
1398-1-11,3/31/2019,FALSE
1398-1-12,4/1/2019,TRUE
1398-1-13,4/2/2019,TRUE
1398-1-14,4/3/2019,TRUE
1398-1-15,4/4/2019,FALSE
1398-1-16,4/5/2019,TRUE
1398-1-17,4/6/2019,FALSE
1398-1-18,4/7/2019,FALSE
1398-1-19,4/8/2019,FALSE
1398-1-20,4/9/2019,FALSE
1398-1-21,4/10/2019,FALSE
1398-1-22,4/11/2019,FALSE
1398-1-23,4/12/2019,TRUE
1398-1-24,4/13/2019,FALSE
1398-1-25,4/14/2019,FALSE
1398-1-26,4/15/2019,FALSE
1398-1-27,4/16/2019,FALSE
1398-1-28,4/17/2019,FALSE
1398-1-29,4/18/2019,FALSE
1398-1-30,4/19/2019,TRUE
1398-1-31,4/20/2019,FALSE
1398-2-1,4/21/2019,FALSE
1398-2-2,4/22/2019,FALSE
1398-2-3,4/23/2019,FALSE
1398-2-4,4/24/2019,FALSE
1398-2-5,4/25/2019,FALSE
1398-2-6,4/26/2019,TRUE
1398-2-7,4/27/2019,FALSE
1398-2-8,4/28/2019,FALSE
1398-2-9,4/29/2019,FALSE
1398-2-10,4/30/2019,FALSE
1398-2-11,5/1/2019,FALSE
1398-2-12,5/2/2019,FALSE
1398-2-13,5/3/2019,TRUE
1398-2-14,5/4/2019,FALSE
1398-2-15,5/5/2019,FALSE
1398-2-16,5/6/2019,FALSE
1398-2-17,5/7/2019,FALSE
1398-2-18,5/8/2019,FALSE
1398-2-19,5/9/2019,FALSE
1398-2-20,5/10/2019,TRUE
1398-2-21,5/11/2019,FALSE
1398-2-22,5/12/2019,FALSE
1398-2-23,5/13/2019,FALSE
1398-2-24,5/14/2019,FALSE
1398-2-25,5/15/2019,FALSE
1398-2-26,5/16/2019,FALSE
1398-2-27,5/17/2019,TRUE
1398-2-28,5/18/2019,FALSE
1398-2-29,5/19/2019,FALSE
1398-2-30,5/20/2019,FALSE
1398-2-31,5/21/2019,FALSE
1398-3-1,5/22/2019,FALSE
1398-3-2,5/23/2019,FALSE
1398-3-3,5/24/2019,TRUE
1398-3-4,5/25/2019,FALSE
1398-3-5,5/26/2019,TRUE
1398-3-6,5/27/2019,TRUE
1398-3-7,5/28/2019,FALSE
1398-3-8,5/29/2019,FALSE
1398-3-9,5/30/2019,FALSE
1398-3-10,5/31/2019,TRUE
1398-3-11,6/1/2019,FALSE
1398-3-12,6/2/2019,FALSE
1398-3-13,6/3/2019,FALSE
1398-3-14,6/4/2019,TRUE
1398-3-15,6/5/2019,TRUE
1398-3-16,6/6/2019,TRUE
1398-3-17,6/7/2019,TRUE
1398-3-18,6/8/2019,FALSE
1398-3-19,6/9/2019,FALSE
1398-3-20,6/10/2019,FALSE
1398-3-21,6/11/2019,FALSE
1398-3-22,6/12/2019,FALSE
1398-3-23,6/13/2019,FALSE
1398-3-24,6/14/2019,TRUE
1398-3-25,6/15/2019,FALSE
1398-3-26,6/16/2019,FALSE
1398-3-27,6/17/2019,FALSE
1398-3-28,6/18/2019,FALSE
1398-3-29,6/19/2019,FALSE
1398-3-30,6/20/2019,FALSE
1398-3-31,6/21/2019,TRUE
1398-4-1,6/22/2019,FALSE
1398-4-2,6/23/2019,FALSE
1398-4-3,6/24/2019,FALSE
1398-4-4,6/25/2019,FALSE
1398-4-5,6/26/2019,FALSE
1398-4-6,6/27/2019,FALSE
1398-4-7,6/28/2019,TRUE
1398-4-8,6/29/2019,TRUE
1398-4-9,6/30/2019,FALSE
1398-4-10,7/1/2019,FALSE
1398-4-11,7/2/2019,FALSE
1398-4-12,7/3/2019,FALSE
1398-4-13,7/4/2019,FALSE
1398-4-14,7/5/2019,TRUE
1398-4-15,7/6/2019,FALSE
1398-4-16,7/7/2019,FALSE
1398-4-17,7/8/2019,FALSE
1398-4-18,7/9/2019,FALSE
1398-4-19,7/10/2019,FALSE
1398-4-20,7/11/2019,FALSE
1398-4-21,7/12/2019,TRUE
1398-4-22,7/13/2019,FALSE
1398-4-23,7/14/2019,FALSE
1398-4-24,7/15/2019,FALSE
1398-4-25,7/16/2019,FALSE
1398-4-26,7/17/2019,FALSE
1398-4-27,7/18/2019,FALSE
1398-4-28,7/19/2019,TRUE
1398-4-29,7/20/2019,FALSE
1398-4-30,7/21/2019,FALSE
1398-4-31,7/22/2019,FALSE
1398-5-1,7/23/2019,FALSE
1398-5-2,7/24/2019,FALSE
1398-5-3,7/25/2019,FALSE
1398-5-4,7/26/2019,TRUE
1398-5-5,7/27/2019,FALSE
1398-5-6,7/28/2019,FALSE
1398-5-7,7/29/2019,FALSE
1398-5-8,7/30/2019,FALSE
1398-5-9,7/31/2019,FALSE
1398-5-10,8/1/2019,FALSE
1398-5-11,8/2/2019,TRUE
1398-5-12,8/3/2019,FALSE
1398-5-13,8/4/2019,FALSE
1398-5-14,8/5/2019,FALSE
1398-5-15,8/6/2019,FALSE
1398-5-16,8/7/2019,FALSE
1398-5-17,8/8/2019,FALSE
1398-5-18,8/9/2019,TRUE
1398-5-19,8/10/2019,FALSE
1398-5-20,8/11/2019,TRUE
1398-5-21,8/12/2019,FALSE
1398-5-22,8/13/2019,FALSE
1398-5-23,8/14/2019,FALSE
1398-5-24,8/15/2019,FALSE
1398-5-25,8/16/2019,TRUE
1398-5-26,8/17/2019,FALSE
1398-5-27,8/18/2019,FALSE
1398-5-28,8/19/2019,TRUE
1398-5-29,8/20/2019,FALSE
1398-5-30,8/21/2019,FALSE
1398-5-31,8/22/2019,FALSE
1398-6-1,8/23/2019,TRUE
1398-6-2,8/24/2019,FALSE
1398-6-3,8/25/2019,FALSE
1398-6-4,8/26/2019,FALSE
1398-6-5,8/27/2019,FALSE
1398-6-6,8/28/2019,FALSE
1398-6-7,8/29/2019,FALSE
1398-6-8,8/30/2019,TRUE
1398-6-9,8/31/2019,FALSE
1398-6-10,9/1/2019,FALSE
1398-6-11,9/2/2019,FALSE
1398-6-12,9/3/2019,FALSE
1398-6-13,9/4/2019,FALSE
1398-6-14,9/5/2019,FALSE
1398-6-15,9/6/2019,TRUE
1398-6-16,9/7/2019,FALSE
1398-6-17,9/8/2019,FALSE
1398-6-18,9/9/2019,TRUE
1398-6-19,9/10/2019,TRUE
1398-6-20,9/11/2019,FALSE
1398-6-21,9/12/2019,FALSE
1398-6-22,9/13/2019,TRUE
1398-6-23,9/14/2019,FALSE
1398-6-24,9/15/2019,FALSE
1398-6-25,9/16/2019,FALSE
1398-6-26,9/17/2019,FALSE
1398-6-27,9/18/2019,FALSE
1398-6-28,9/19/2019,FALSE
1398-6-29,9/20/2019,TRUE
1398-6-30,9/21/2019,FALSE
1398-6-31,9/22/2019,FALSE
1398-7-1,9/23/2019,FALSE
1398-7-2,9/24/2019,FALSE
1398-7-3,9/25/2019,FALSE
1398-7-4,9/26/2019,FALSE
1398-7-5,9/27/2019,TRUE
1398-7-6,9/28/2019,FALSE
1398-7-7,9/29/2019,FALSE
1398-7-8,9/30/2019,FALSE
1398-7-9,10/1/2019,FALSE
1398-7-10,10/2/2019,FALSE
1398-7-11,10/3/2019,FALSE
1398-7-12,10/4/2019,TRUE
1398-7-13,10/5/2019,FALSE
1398-7-14,10/6/2019,FALSE
1398-7-15,10/7/2019,FALSE
1398-7-16,10/8/2019,FALSE
1398-7-17,10/9/2019,FALSE
1398-7-18,10/10/2019,FALSE
1398-7-19,10/11/2019,TRUE
1398-7-20,10/12/2019,FALSE
1398-7-21,10/13/2019,FALSE
1398-7-22,10/14/2019,FALSE
1398-7-23,10/15/2019,FALSE
1398-7-24,10/16/2019,FALSE
1398-7-25,10/17/2019,FALSE
1398-7-26,10/18/2019,TRUE
1398-7-27,10/19/2019,TRUE
1398-7-28,10/20/2019,FALSE
1398-7-29,10/21/2019,FALSE
1398-7-30,10/22/2019,FALSE
1398-8-1,10/23/2019,FALSE
1398-8-2,10/24/2019,FALSE
1398-8-3,10/25/2019,TRUE
1398-8-4,10/26/2019,FALSE
1398-8-5,10/27/2019,TRUE
1398-8-6,10/28/2019,FALSE
1398-8-7,10/29/2019,FALSE
1398-8-8,10/30/2019,FALSE
1398-8-9,10/31/2019,FALSE
1398-8-10,11/1/2019,TRUE
1398-8-11,11/2/2019,FALSE
1398-8-12,11/3/2019,FALSE
1398-8-13,11/4/2019,FALSE
1398-8-14,11/5/2019,FALSE
1398-8-15,11/6/2019,TRUE
1398-8-16,11/7/2019,FALSE
1398-8-17,11/8/2019,TRUE
1398-8-18,11/9/2019,FALSE
1398-8-19,11/10/2019,FALSE
1398-8-20,11/11/2019,FALSE
1398-8-21,11/12/2019,FALSE
1398-8-22,11/13/2019,FALSE
1398-8-23,11/14/2019,FALSE
1398-8-24,11/15/2019,TRUE
1398-8-25,11/16/2019,FALSE
1398-8-26,11/17/2019,FALSE
1398-8-27,11/18/2019,FALSE
1398-8-28,11/19/2019,FALSE
1398-8-29,11/20/2019,FALSE
1398-8-30,11/21/2019,FALSE
1398-9-1,11/22/2019,TRUE
1398-9-2,11/23/2019,FALSE
1398-9-3,11/24/2019,FALSE
1398-9-4,11/25/2019,FALSE
1398-9-5,11/26/2019,FALSE
1398-9-6,11/27/2019,FALSE
1398-9-7,11/28/2019,FALSE
1398-9-8,11/29/2019,TRUE
1398-9-9,11/30/2019,FALSE
1398-9-10,12/1/2019,FALSE
1398-9-11,12/2/2019,FALSE
1398-9-12,12/3/2019,FALSE
1398-9-13,12/4/2019,FALSE
1398-9-14,12/5/2019,FALSE
1398-9-15,12/6/2019,TRUE
1398-9-16,12/7/2019,FALSE
1398-9-17,12/8/2019,FALSE
1398-9-18,12/9/2019,FALSE
1398-9-19,12/10/2019,FALSE
1398-9-20,12/11/2019,FALSE
1398-9-21,12/12/2019,FALSE
1398-9-22,12/13/2019,TRUE
1398-9-23,12/14/2019,FALSE
1398-9-24,12/15/2019,FALSE
1398-9-25,12/16/2019,FALSE
1398-9-26,12/17/2019,FALSE
1398-9-27,12/18/2019,FALSE
1398-9-28,12/19/2019,FALSE
1398-9-29,12/20/2019,TRUE
1398-9-30,12/21/2019,FALSE
1398-10-1,12/22/2019,FALSE
1398-10-2,12/23/2019,FALSE
1398-10-3,12/24/2019,FALSE
1398-10-4,12/25/2019,FALSE
1398-10-5,12/26/2019,FALSE
1398-10-6,12/27/2019,TRUE
1398-10-7,12/28/2019,FALSE
1398-10-8,12/29/2019,FALSE
1398-10-9,12/30/2019,FALSE
1398-10-10,12/31/2019,FALSE
1398-10-11,1/1/2020,FALSE
1398-10-12,1/2/2020,FALSE
1398-10-13,1/3/2020,TRUE
1398-10-14,1/4/2020,FALSE
1398-10-15,1/5/2020,FALSE
1398-10-16,1/6/2020,FALSE
1398-10-17,1/7/2020,FALSE
1398-10-18,1/8/2020,FALSE
1398-10-19,1/9/2020,FALSE
1398-10-20,1/10/2020,TRUE
1398-10-21,1/11/2020,FALSE
1398-10-22,1/12/2020,FALSE
1398-10-23,1/13/2020,FALSE
1398-10-24,1/14/2020,FALSE
1398-10-25,1/15/2020,FALSE
1398-10-26,1/16/2020,FALSE
1398-10-27,1/17/2020,TRUE
1398-10-28,1/18/2020,FALSE
1398-10-29,1/19/2020,FALSE
1398-10-30,1/20/2020,FALSE
1398-11-1,1/21/2020,FALSE
1398-11-2,1/22/2020,FALSE
1398-11-3,1/23/2020,FALSE
1398-11-4,1/24/2020,TRUE
1398-11-5,1/25/2020,FALSE
1398-11-6,1/26/2020,FALSE
1398-11-7,1/27/2020,FALSE
1398-11-8,1/28/2020,FALSE
1398-11-9,1/29/2020,TRUE
1398-11-10,1/30/2020,FALSE
1398-11-11,1/31/2020,TRUE
1398-11-12,2/1/2020,FALSE
1398-11-13,2/2/2020,FALSE
1398-11-14,2/3/2020,FALSE
1398-11-15,2/4/2020,FALSE
1398-11-16,2/5/2020,FALSE
1398-11-17,2/6/2020,FALSE
1398-11-18,2/7/2020,TRUE
1398-11-19,2/8/2020,FALSE
1398-11-20,2/9/2020,FALSE
1398-11-21,2/10/2020,FALSE
1398-11-22,2/11/2020,TRUE
1398-11-23,2/12/2020,FALSE
1398-11-24,2/13/2020,FALSE
1398-11-25,2/14/2020,TRUE
1398-11-26,2/15/2020,FALSE
1398-11-27,2/16/2020,FALSE
1398-11-28,2/17/2020,FALSE
1398-11-29,2/18/2020,FALSE
1398-11-30,2/19/2020,FALSE
1398-12-1,2/20/2020,FALSE
1398-12-2,2/21/2020,TRUE
1398-12-3,2/22/2020,FALSE
1398-12-4,2/23/2020,FALSE
1398-12-5,2/24/2020,FALSE
1398-12-6,2/25/2020,FALSE
1398-12-7,2/26/2020,FALSE
1398-12-8,2/27/2020,FALSE
1398-12-9,2/28/2020,TRUE
1398-12-10,2/29/2020,FALSE
1398-12-11,3/1/2020,FALSE
1398-12-12,3/2/2020,FALSE
1398-12-13,3/3/2020,FALSE
1398-12-14,3/4/2020,FALSE
1398-12-15,3/5/2020,FALSE
1398-12-16,3/6/2020,TRUE
1398-12-17,3/7/2020,FALSE
1398-12-18,3/8/2020,TRUE
1398-12-19,3/9/2020,FALSE
1398-12-20,3/10/2020,FALSE
1398-12-21,3/11/2020,FALSE
1398-12-22,3/12/2020,FALSE
1398-12-23,3/13/2020,TRUE
1398-12-24,3/14/2020,FALSE
1398-12-25,3/15/2020,FALSE
1398-12-26,3/16/2020,FALSE
1398-12-27,3/17/2020,FALSE
1398-12-28,3/18/2020,FALSE
1398-12-29,3/19/2020,TRUE
